{"cameraMode":{"drawMode":0,"name":"Shaded","section":"Shading Mode"},"sceneLighting":false,"audioPlay":false,"sceneViewState":{"showFog":true,"showMaterialUpdate":false,"showSkybox":false,"showFlares":true,"showImageEffects":true,"showParticleSystems":true},"in2DMode":false,"pivot":{"x":-7.450580596923828e-7,"y":0.13586872816085816,"z":0.6270910501480103},"rotation":{"x":-0.07880649715662003,"y":0.02180899865925312,"z":-0.001675714971497655,"w":-0.9966967701911926},"size":0.5050495266914368,"orthographic":false}