{"cameraMode":{"drawMode":0,"name":"Shaded","section":"Shading Mode"},"sceneLighting":false,"audioPlay":false,"sceneViewState":{"showFog":true,"showMaterialUpdate":false,"showSkybox":false,"showFlares":true,"showImageEffects":true,"showParticleSystems":true},"in2DMode":false,"pivot":{"x":3.46451997756958e-7,"y":0.10740000009536743,"z":0.484499990940094},"rotation":{"x":0.26567286252975466,"y":0.15286040306091309,"z":-0.04264439269900322,"w":0.951011598110199},"size":0.06518833339214325,"orthographic":false}