{"cameraMode":{"drawMode":0,"name":"Shaded","section":"Shading Mode"},"sceneLighting":false,"audioPlay":false,"sceneViewState":{"showFog":true,"showMaterialUpdate":false,"showSkybox":false,"showFlares":true,"showImageEffects":true,"showParticleSystems":true},"in2DMode":false,"pivot":{"x":-0.0145768066868186,"y":0.09600000083446503,"z":0.4311999976634979},"rotation":{"x":-0.15403999388217927,"y":-0.2496275007724762,"z":0.04032116383314133,"w":-0.955211341381073},"size":0.04330127313733101,"orthographic":false}