{"cameraMode":{"drawMode":0,"name":"Shaded","section":"Shading Mode"},"sceneLighting":false,"audioPlay":false,"sceneViewState":{"showFog":true,"showMaterialUpdate":false,"showSkybox":false,"showFlares":true,"showImageEffects":true,"showParticleSystems":true},"in2DMode":false,"pivot":{"x":-0.03950629383325577,"y":0.12055379897356034,"z":-0.005049936473369598},"rotation":{"x":0.08526638895273209,"y":-0.30516955256462099,"z":-0.027437573298811914,"w":-0.9480976462364197},"size":0.3733132481575012,"orthographic":false}