{"cameraMode":{"drawMode":0,"name":"Shaded","section":"Shading Mode"},"sceneLighting":true,"audioPlay":false,"sceneViewState":{"showFog":true,"showMaterialUpdate":false,"showSkybox":false,"showFlares":true,"showImageEffects":true,"showParticleSystems":true},"in2DMode":false,"pivot":{"x":0.0,"y":-0.0005127489566802979,"z":0.0002562105655670166},"rotation":{"x":-0.22730860114097596,"y":-0.0939178392291069,"z":0.022084778174757959,"w":-0.9690754413604736},"size":0.3072957694530487,"orthographic":false}